"last_name, first_name","player_id","team_name_alt","pitch_type","pitch_name","run_value_per_100","run_value","pitches","pitch_usage","pa","ba","slg","woba","whiff_percent","k_percent","put_away","est_ba","est_slg","est_woba","hard_hit_percent"
"Judge, Aaron",592450,"NYY","FF","4-Seam Fastball",0.7,2,"311",25.6,"62","0.2","0.48","0.363",28,35.5,20.2,"0.256","0.601","0.424",71.4
"Judge, Aaron",592450,"NYY","SI","Sinker",3.8,7,"188",15.4,"47","0.4","0.714","0.532",13,12.8,16.7,"0.388","0.731","0.531",58.6
"Judge, Aaron",592450,"NYY","SL","Slider",-1.3,-3,"213",17.5,"44","0.175","0.3","0.273",35,34.1,22.7,"0.174","0.345","0.248",57.7
"Judge, Aaron",592450,"NYY","CH","Changeup",0.2,0,"167",13.7,"40","0.121","0.242","0.271",38,27.5,16.4,"0.19","0.378","0.32",36.4
"Judge, Aaron",592450,"NYY","ST","Sweeper",1.6,2,"100",8.2,"27","0.174","0.391","0.304",27,18.5,17.9,"0.253","0.548","0.39",50
"Judge, Aaron",592450,"NYY","FC","Cutter",2.3,3,"111",9.1,"26","0.333","0.625","0.429",43.6,38.5,34.5,"0.216","0.428","0.303",57.1
"Judge, Aaron",592450,"NYY","CU","Curveball",5.8,5,"79",6.5,"21","0.316","0.947","0.533",41.7,42.9,25,"0.353","1.025","0.582",80
"Judge, Aaron",592450,"NYY","FS","Split-Finger",4,2,"43",3.5,"12","0.333","0.833","0.483",60,50,31.6,"0.316","0.881","0.493",50
"Judge, Aaron",592450,"NYY","SV","Slurve",-3.8,0,"5",0.4,"1","0","0","0",50,100,25,,,"0",
"Rice, Ben",700250,"NYY","FF","4-Seam Fastball",4.2,24,"571",21.4,"143","0.331","0.843","0.52",20.9,24.5,19.2,"0.304","0.76","0.473",64.8
"Rice, Ben",700250,"NYY","SI","Sinker",-0.3,-2,"482",18,"129","0.263","0.482","0.368",15.2,17.1,25.3,"0.296","0.524","0.389",52.2
"Rice, Ben",700250,"NYY","SL","Slider",1.5,6,"386",14.5,"95","0.259","0.531","0.386",36,32.6,23,"0.233","0.466","0.353",54
"Rice, Ben",700250,"NYY","CH","Changeup",1.1,4,"312",11.7,"76","0.286","0.486","0.371",27.7,21.1,20,"0.264","0.466","0.341",40.7
"Rice, Ben",700250,"NYY","FC","Cutter",0.4,1,"226",8.5,"68","0.288","0.424","0.374",18.6,10.3,16.3,"0.319","0.447","0.379",34.6
"Rice, Ben",700250,"NYY","CU","Curveball",2.2,6,"268",10,"64","0.208","0.491","0.359",35.7,37.5,24.7,"0.2","0.398","0.329",44.8
"Rice, Ben",700250,"NYY","ST","Sweeper",-0.6,-2,"271",10.1,"54","0.196","0.304","0.274",23.8,31.5,19.1,"0.25","0.371","0.342",33.3
"Rice, Ben",700250,"NYY","FS","Split-Finger",-0.2,0,"134",5,"29","0.12","0.28","0.24",40.7,31,23.1,"0.168","0.217","0.239",37.5
"Rice, Ben",700250,"NYY","SV","Slurve",-4.3,-1,"12",0.4,"2","0","0","0",0,0,0,"0.015","0.022","0.018",0
